{"_runtime":333342.266012098,"_timestamp":1.765796916533251e+09,"_step":400300,"train loss":8.276239395141602,"train steps/sec":1.411215913345753,"_wandb":{"runtime":333342}}