{"train steps/sec":1.8328019765384704,"_wandb":{"runtime":263},"_runtime":263.433857288,"_timestamp":1.7686493995015059e+09,"_step":400,"train loss":-0.9437934160232544}