{"_wandb":{"runtime":293966},"_runtime":293966.143769346,"train loss":16.725046157836914,"train steps/sec":2.7729262981380636,"_timestamp":1.7661889857724614e+09,"_step":800700}