{"_runtime":233563.245496049,"train steps/sec":1.834548796383963,"_timestamp":1.7686169430757136e+09,"_step":400300,"train loss":8.464465141296387,"_wandb":{"runtime":233563}}