{"_runtime":166108.55868996,"train loss":8.71264934539795,"train steps/sec":1.1492953231356229,"_timestamp":1.7646759787482128e+09,"_step":184200,"_wandb":{"runtime":166108}}